{
    "CurCompileUdps": {},
    "SIMBData": {
        "out": "amcQwB.o",
        "archive": "archive.17/_9599_archive_1.a",
        "bytes": 106292,
        "text": 0
    },
    "CompileStatus": "Successful",
    "stat": {
        "CodeGen(%)": 27.844555497106796,
        "ru_self_cgstart": {
            "ru_utime_sec": 0.100704,
            "ru_stime_sec": 0.061098,
            "ru_maxrss_kb": 70596,
            "ru_minflt": 24782,
            "ru_majflt": 0,
            "ru_nvcsw": 18,
            "ru_nivcsw": 65
        },
        "mop/quad": 2.7245370370370372,
        "ru_childs_cgstart": {
            "ru_utime_sec": 0.0090299999999999998,
            "ru_stime_sec": 0.019786999999999999,
            "ru_maxrss_kb": 20008,
            "ru_minflt": 4431,
            "ru_majflt": 0,
            "ru_nvcsw": 7,
            "ru_nivcsw": 20
        },
        "cpu_cycles_cgstart": 1655450369477678,
        "nMops": 1177,
        "nQuads": 432,
        "mopSpeed": 27794.833042081882,
        "ru_childs_end": {
            "ru_utime_sec": 0.011247,
            "ru_stime_sec": 0.022003999999999999,
            "ru_maxrss_kb": 21296,
            "ru_minflt": 5054,
            "ru_majflt": 0,
            "ru_nvcsw": 8,
            "ru_nivcsw": 23
        },
        "totalObjSize": 131046,
        "Frontend(%)": 72.155444502893204,
        "ru_self_end": {
            "ru_utime_sec": 0.14083300000000001,
            "ru_stime_sec": 0.068342,
            "ru_maxrss_kb": 80108,
            "ru_minflt": 28021,
            "ru_majflt": 0,
            "ru_nvcsw": 19,
            "ru_nivcsw": 71
        },
        "cpu_cycles_end": 1655450504385768,
        "cpu_cycles_total": 679255570,
        "quadSpeed": 10201.671940679162,
        "outputSizePerQuad": 303.34722222222223,
        "realTime": 0.29298996925354004,
        "peak_mem_kb": 292128
    },
    "cycles_program_begin": 1655449825130198,
    "perf": [
        {
            "stat": [
                "main",
                "entry",
                0.031763076782226562,
                0.066325999999999996,
                0.035637000000000002,
                216376,
                216376,
                0.0,
                0.0,
                1664186284.776319,
                1655449825642125
            ],
            "sub": [
                {
                    "stat": [
                        "doParsingAndDesignResolution",
                        "entry",
                        0.16744303703308105,
                        0.073375999999999997,
                        0.043822,
                        276336,
                        277136,
                        0.0,
                        0.0,
                        1664186284.911999,
                        1655450178263624
                    ],
                    "sub": []
                },
                {
                    "stat": [
                        "doParsingAndDesignResolution",
                        "exit",
                        0.17450308799743652,
                        0.078390000000000001,
                        0.045811999999999999,
                        277100,
                        277748,
                        0.0,
                        0.0,
                        1664186284.919059,
                        1655450196705315
                    ],
                    "sub": []
                },
                {
                    "stat": [
                        "doPostDesignResolutionToVir2Vcs",
                        "entry",
                        0.17496609687805176,
                        0.078390000000000001,
                        0.046233000000000003,
                        277100,
                        277748,
                        0.0,
                        0.0,
                        1664186284.919522,
                        1655450197794847
                    ],
                    "sub": [
                        {
                            "stat": [
                                "doUptoVir2VcsNoSepCleanup",
                                "entry",
                                0.17853093147277832,
                                0.080529000000000003,
                                0.047688000000000001,
                                278364,
                                278368,
                                0.0,
                                0.0,
                                1664186284.9230869,
                                1655450207077726
                            ],
                            "sub": []
                        },
                        {
                            "stat": [
                                "doUptoVir2VcsNoSepCleanup",
                                "exit",
                                0.23477816581726074,
                                0.096573999999999993,
                                0.058961,
                                279772,
                                292128,
                                0.0090299999999999998,
                                0.019786999999999999,
                                1664186284.9793341,
                                1655450353360973
                            ],
                            "sub": []
                        },
                        {
                            "stat": [
                                "doRadify_vir2vcsAll",
                                "entry",
                                0.23490500450134277,
                                0.096654000000000004,
                                0.059008999999999999,
                                279772,
                                292128,
                                0.0090299999999999998,
                                0.019786999999999999,
                                1664186284.979461,
                                1655450353612561
                            ],
                            "sub": []
                        },
                        {
                            "stat": [
                                "doRadify_vir2vcsAll",
                                "exit",
                                0.23897695541381836,
                                0.098688999999999999,
                                0.061045000000000002,
                                280092,
                                292128,
                                0.0090299999999999998,
                                0.019786999999999999,
                                1664186284.9835329,
                                1655450364280005
                            ],
                            "sub": []
                        }
                    ]
                },
                {
                    "stat": [
                        "doPostDesignResolutionToVir2Vcs",
                        "exit",
                        0.23906493186950684,
                        0.098744999999999999,
                        0.061079000000000001,
                        280092,
                        292128,
                        0.0090299999999999998,
                        0.019786999999999999,
                        1664186284.9836209,
                        1655450364421882
                    ],
                    "sub": []
                },
                {
                    "stat": [
                        "doGAToPass2",
                        "entry",
                        0.23911499977111816,
                        0.098776000000000003,
                        0.061098,
                        280092,
                        292128,
                        0.0090299999999999998,
                        0.019786999999999999,
                        1664186284.9836709,
                        1655450364540275
                    ],